HELA,71.308,010003055000501015050510015530315501305513005000150305100533
HELA,75.204,010003505000501015050110015530310501305113005000130305100533
HELA,86.572,050003005000001011050510015330310501305513005000150305100533
HELA,87.029,010003005000501011050010015330510501305513005000150305100533
HELA,87.602,010003005000501015050010015330510501305113005000150305100533
HELA,88.436,010003005000501511050010015530310501305513001000150305100533
JURKAT,83.429,110050005100500035350130005050051501105501015000000305000503
JURKAT,85.084,110050005100505031310130001010011501105001015000000305000003
JURKAT,86.547,110000000100500035350130005010051501105001010000000305000503
JURKAT,87.414,110050005100500031350530005010051501105501015000000305000503
NA12873,71.798,130053055100501501050135005131151501305351031000030005000531
NA12873,73.14,130053055100501001050531001131115501305311035000030005000531
NA12873,77.051,130053050100501005050031005131151501305311035000030005000531
NA12873,77.683,130053005100505005050531005531111501300311035000030005000531
NA12873,86.159,130051000100003011150515015010030003005100030000010105000550
NA12873,86.799,130051005100503055150515015010030503005500035000010105000550
NA12873,87.153,130005000100503011150515011010030503005500030000010105000050
NA12873,87.807,130001000100003015150515015010030503005500035000010105000050
RAJI,74.784,030053005000003531155110001303330500105313001000130305100530
RAJI,78.85,030053005000003531155110001303330500105313001000130305100530
RAJI,83.742,030053005000003531155110001303330500105313005000530305100530
RAJI,86.072,030053005000003031155110005303330500105313001000130305100030
RAJI,88.242,030053005000003531555150001303330500105313001000130305100530
RAJI,89.193,030003005000003031155110001303330500105313005000130305100530
