HELA,71.308,0000000000005000010000001000050100005150511150055000000000005150003010000150100510005000050050000113110135515050550500510100010500051000103050155000050005000000000151000050055010005505005100500500010500010000000050000051000100000150050305051100001500500055005011000055510000500000501100005110155050010150000000000005050150000105000005500550101010505000100000050000010001015051555100555000000000105550000010000001005050055000100015005000000500001000000055050010000050050055000000000000050510150001013100505100055005000000000155000101511111110050010050050015510000010305300000050550500505005000000000555551051000050010010500050500055100001515001051500000100050500055500100005000005000110000500050501010500000000501100050500005105551010010050035000000000551000005511105050500500010000000001000001151000050100000000010500001050035300000500050003315511000000551300005000000000050155000050000550055000503005500030001050500010050001000010050500500055100000100001500000101005500105010300011101000500500001501005550500501055000010010050510000500000000500001055000500505550105000000050101000300010310000505000050000505505011000555500111005005000100500155100000000500015000000000000000000005000000500000000000015005050001000000000010505100550000100550030100150500100000550000001110050011150510100000001005005001053505500000000001100150001500000330000
HELA,75.204,0000000000005000010000005000500100005150511150000000000000001150001010000150100510005000050010000113110135015010555100510100010500055000103050100000000005000000000101000010005010000505005150500500010500010000000050000051000100000100050305051500001500500055005011000015515000500000501100005110111000010150500000000005010115000101000005100000501010505000100000000000010501511051515500550500000000105550000010000001001050055000100015005000000000001000000050050010005000000050000000000000050550150001013500005500055005000000000150000101515111150055050050050515510000010505300000050510500505000000000000555551001000050010010500555100055500051515001055100000100010105051100100005000005000510000500050501010550000000501100010000001105501010010050030050000000551000000111105050500550010000000001000001151000050100050000010500001050035300000500050003310051000050551300005050050005050155000050000110055005503000550030005000000010050001000055050500500055100500500001100000101005500105010300015101005000500001505005550500101015000010010000510000500000000100001051000500505550105000000000101000300010310000505000055500505501011000505100111005000000105100105100000000500011000000000000005000000000000500000000000015005050001000550000010001100350000150550030100150500100000550500001550050011100510100000001005005001053505505000000001100150005500000330000
HELA,86.572,0000500000000000510000005000000100005150551150000000000000001100005050000500100510005000050050000113110535510050550500510500510500051000103050100000000005000000000101050005005010005001005150500500010500010000000050000051000105000100050305051500005500500015005015000055515000500000001100000010155000010100000000000005000150000151000000500050101010500000500000000000010501511051055100505000000000505050000010000001005050055000100053005000000500001000005050000010005000050050000000000000050050150001015100505500053000000000000150000101111111110050050050000511510000010100300000000050500100000000000000555051001000050010010000550500055500001515001005100000500050500000500100055000005000550000500050501010550000000501100010500005505501010010050030050000000501000005111105000500550015000000001000005505000030500000500010500501050035300500500050003310511050000551300001050050000050155000050000150030000503005500030001000000010050001000055050500000055100000500001100000101005500105010300015151000000500001505001550500501050000050010050550000500000500500001055000000500550505000000000105000300010350000505000005500005505011000505500111005000000100500105100000000500051000000000000000000000000000100000000500015000050001000500000000001100550000500550035500150500100000055500001100010011500110100500005005005001033005505000000001100150001500000330000
HELA,87.029,0000000000005000010000005000000500000150511100000000000000001150001050000500100550000000050050000113150535010050550500010100010000055000103000100000000005000000000101000000000010000005000150000000010500050000000050000051000100000100050305051500001500500055000011000055555000100000005100000510135000010100000000000000050550000101000005100500501010500000100000000000010501011001010500550000000000500000000010000001005000055000100053000000000000001000000050000010000000050000000000000000000050100001013500005500053000000000000100000101115111110050050050000051550000010100300000000050500500000000000000555001001000050010010500050500010500005510001001100000500010500005500100005000005000510000000050501050500000000501500050500000005501010010050030000000000555000000111105050500510010000000001000005505000030100000000010500005050030300000500050005510011000000551300005000000000050155000050000110050000003000500030001000000010050001000010050500500055500000100001500000101005000105010300015105000000500001501001550500501050000010010000510000500000000500001055000000500050505000000000105000300010350000000000050000005001015000505500111005000000100500505100000000000011000000000000005000000000000100000000000010000050001000500000000005100500000500550035500150500100000055000001100010011500510100000005005005000033505000000000001100100001500000330000
HELA,87.602,0000000000005000010000000000000100000150511100000000000000001150001050000550100550000000050000000113150535010050550500010100010500055000103050505000000005000000000101000000005010005005005150000500010000010000000050000051000105000100050305051500005500500015000015000055510000500000005100000110155000010100000000000005000550000101000000100000501010500000100000000000050001011051010500550000000000000050005010000001005000055000100053000000000000001000000050050010005000050050000000000000000050150001013500005300053005000000000100000101111111150050050050000015550000050500300000000050500500000000000000551501001000000010010000055500010500001515001001100000500010505050500100000000005000510000000050501010000000000501500050500000005501050010000030050000000551000000111105000500550010000000005000001505000030100000500010000001050030300000500050005310511000050551300005000000000050155000050000150030000503005500030001000000010050001000050050500000051500000100001100000101000000105010300015505000000500001005001550500501010000010010055010000500000000100001005000500500050505000000000105000300010350000500000050500005500015000505500111005000000100500155100000000000011000000000000005000000000000100000000000015000050001000500000050001100500000500550030500100500500000050500001150010011500510100000001005005000033505000000000001100150005000000330000
HELA,88.436,0000000000005000010500000000500100005110511150000000000000001150005050000550100510005000050050000113150135510010550500510100010500051000103050105000000005000000000101000050005010000505005150500500010500010000000050000051000105000500050305051500001500500015005015000055115000500000005100005010135000010100000000000005000510000101000005100050101010500000100005000000010501011051010500555000000000000550005010000001005050055000100013005005000000001000055050050010005000050050000000000000050510100001013500005300005005000000000100000101111111110050050050000011510000010500300000050550500505000000000000555051001000050010010500005100010100051510001055100000100050505055500100005000005005510000500050501010500000000101500010500000005551010010050035050000000555000005111105010500500010000000005000005101000050100000500010500001050035300000500050003310511000050551300005000000000050155000050000500055000003005500030005000500010050001000050050500550055105000500001100000101005000105010300051151000000500001005001550100501055000010010055050000500000000100001005000000500050005000000000105000300015310000000000000500005501015000001500111005000000100500105100000000500011000500000000005000000000000100000000000010005050001000500000050001100500000100550035500050500100000555500501100010011550110100000005005005001053005000000000001100100001500000330000
JURKAT,83.429,0000500000005000510000005000501100005010511150050000000050001150000010000100300510005000050050550010110115011010150100510300010500050000101050100050000005000000000151050055015010505005505150000100010500010000000055000001000105000150000305051500501300510011005015000015510000100000505100005110111000010100000000000001000555000101000005100050501010505000100000550000010501111051050500555500000000505150005010000001000000055000101013005050000500000000005050050010005050050000000000505000050150350001015100005505055000000050000150000101111111130050050050000515510500010505300000000050500501000000000000555051001000350010010500055500010100001515001055100000150010505005500100005000005000510000500050501010550000000501150050500001505551010030050005050000000555000000111005000500550010000000005000005555000000105000500010500501050005500000500050000051011050000551100001000050000010105000050000110005005503005500000005000505050050051055010010500100051500100100001100000101005500105010100010105000500500001101001550100101055000000000055510000500050500500001055000000505550505000000000101000100015150000505000055500005515051000505000111001000000105500555100000500500015000500000000055000000000000100000000550015005010001000500000055005000000000500050035100150500100050555500000110050011100510100000001005005001000005500000000001105550001503003330000
JURKAT,85.084,0000000000005000010000000000001100005010511100000000000000005150000010000100300510000000050000550010150115011050150100510300010500055000101050100000000005000000000151050050015010000005005150000505010500050000000000000051000105000150000305051500001300510015000015000055510000500000505100005510151000010100000000000005000555000105000005100050501010500000100000000000010001111001050500555000000000505550000010000001000000055000101053000000000000005000005050050010005000050000000000001000050110350501015100505503055000000000000100000101111111110050010050000051510000010100300000000050500505000000000000555051001000350010010500555500055500001115001055100000100010505055100100005000005000150000500050501050550000000501100010500001105551010030050005000000000555000005111005000500100010000000005000005555000000105000500010000501050000100000500050000011011050000551100001000000000050100000050000110055000003005500000005000000050050051000015050500500055500500100001500000101000000105010100510101000500500001101001550500101005050000000000510000500000500500005055000000500500505000000000105000100010110000000000000500505511055000505500111001500000100500155100000000000053000500000000055000000000000100000000000010005010001000000000050001000050000100050030100150500100050055500000550010011100510100000001000005001000505505000000001105150001003003330000
JURKAT,86.547,0000000000005000010500000000001500005010511100000000000050005100000050000150300510000000050050050010150115015050550100510300010500050000101050100000000005000050000151050000015010000005005150000105010500050000000050000051000100000100000300051500005500510015005015000055510000000000001100005510151000010100000000000005000505000155000005105550501010500000100000000000050001111001050500555000000000500550005010000001000000055000101013000000000000000000000050050010505000000000000000505000000510350001015500005503055000000000000150000101111111110055050050000055510000010100300000000010500505000000000000551051001000350010010500550500055500001515001005100000500010505005100100005000000000550000500050501050500000000501500010000001505551010030050000000000000555000000511005000500550010000000005000001555000000105000500010500501000000100000500050000051011050000551100001000000000050105000050000110050000503005500000001000500050050051000010050500500051500500100001100000101005500105010100010101000000500001101001550500501005050000000050510000500050000500001055000500005055505000000000105000100015150000500000000500505015055000500000111001000000105100155100000000000015000500000000050000000000000100000000500010005050001005000000010005000050000100550030100150500100050055000000110050011100510100000001005005001000505505000000001105150001503003330000
JURKAT,87.414,0000000000001000010500000000001500505010511100050000000050005150000010000100300510050000050050550010150115011010550100510300010500050000101050500000000505000000500151050005015010005005005150000100010500010000000000000001000105000150050305011500001300510015000010000055510000500000001100005510111000010100000000000000000015500151000005100050501010500000100005050000010001115051055500555000000000000150005010000001000000055000101053005000000000000000005050055010005000050000000000005000000110350501015100005503053000000050000150000105115111150050010050000551510000010100300000050510500505005000000000551001001000350050010500550500010500051515001005100000150010505001500100005000005000150000500050501050500000000501500050500005505551010030000005050000000505000005111005000500500015000000005000005505000000105000500010500501050005100000500030000051511050000551100001000050000050105000050000110000005503005000000001000500030050055000015050500500053500500100001500000101005000105010100010105000000500001101001550500101050050000000050010000100000500100005055000500500050005000000000105000100010150000500000050500005015051000505500111001500000105500155100000000500055000500000000055000000000000100000000550015005010001500500000050001000000000100550035500100500100050555500000110010011100510500000001005005001000505100000000001100150005003003330000
NA12873,71.798,0000500000005000030000001500051100005150533100000000000050001150000010000150503510000500050010550013110155011050150500510300010550055500103050150000000005000050500151005015015010505500005150500105050500010000000055000051000105000150050505051500001500510010005015000055510000100000501100000150111000010100500005000005000555000101000005150500501010505000100005550000010501551051055100155100000000100050005010000501050050055000103015005005000500001000055010050010005000050055050000500000050050050005010100005105055005000050000110000101111111110055010050010011510500010505300000000550500505005000000000155151001500000010050500555100050100051515001055100055100010505051100100005000000005150000500050501010550500000501155010500001105551010035000005055000000151000005111005000000550010000000505005505501000010100000000010500501050015300500500050011151011050000551300005000050000050155000050000510030000003005500000005010005010055051050011050500000055100050300001100000101005500105010300010051050000105001101001550500501035050000050050510000500000500500001555000000505550555000000050101005100010150000505000050500505535011000501500111001501000100500551100000000500011000500000000005005000000000100000000500010005050001005550000010555000350000100550105100150500100000150500000510030011100510100000001005000001053505100000000031105150001503005130000
NA12873,73.14,0000500000000000030000001500101100005150533100050000000000005150000010000150503510050000050010550013150150015050110500510300010500050000103000150000000005000000500151055050055010505500005150000105050500010000000050000051000105000100050505051500001500510050000015000055050000500000501100005110115000010100000000000000000555000105000005100500501010500000100000000000010051011051055500555100000000105050000050000501000050055000103013005005000000001000005050000010000000050050000000500000050550000005010100505505005005000000000150000501115111110050010050050011510000050500300000050050500505000000000000155501001000000010050500555500000100051510001005100000500010505001100100005000005000510000500050501010550500050501155050500005505501050031050000000000000505000005111005000500150010000000001000501501000010100000000010000505000005300000500050011115011000050551300000000050000050155000000000110050000503005000000001010000010050001050011050500000005100050300001500000101005000105010300010055000000001001101001500000501030050000010000010000500000000500001055000000500500501000000000101000100010150000005000000500005031051000505500111001005000105500355100000000500011000500000000005000000000000100000000050010000050001000550000010005000300000100550100500150500100000150500000510030011100510100000001005000001013505100000000031105100001003001130000
NA12873,77.051,0000000000000000030000001500501100005150533100000000000000005550000010000100503510000000050050500013150155015050150500010300050500050000103000150000000005000000000151000055015010000000005150000500050500050000000050000051000100000100000500051500005500510010005015000005510000500000501100000110155000010100000000000000000155000105000005100500501010500000100000000000010001011051050500555100000000100050000010000501000050055000103053000005000000001000000050050010005000050000000000500000000050000005010500505505005000000000000150000501151111110050050010050015510500050500300000000010000505000000000000551501001000000010050500050500000100001510001005100000500010500001500100000000005000550000500050501010500500050501100055500000505501050031050000000000000501000005111005000000500010000000005000505501000010100000000010000501050055300000500050011151011000000551300000000000000050155000050000150030000003005500000001010000010050055000015050000000001100000300001100000101000500100010300050001000000500001101005500000501030050000010005010000500000000500001005000000500100501000000050101000100010150000005000000500505035051000505000111005505000100500505100000000500015000000000000000000000000000100000000050010005000001000550000010005000300000500550105500150500100000550000000550050011100510100000001005000001053505100000000031105100001503001130000
NA12873,77.683,0000000000005005030000005500001100005150533100000000000000505500000050000150303510000000050050500053150555015050150500510300010000050000103000100000000005000000000101000005015010000000005100000500000500010000000050000051000105000100050505051500005500510010000015000005550000500000501100000110155000010100000000000005000155000105000005100500501010500000100000000000050001511051050100555100000000500050000010000101000000055000103053000000000000005000000050000010005000000000000000500000000050000005010500005505005000000000000150000501113111110055050010050055510000000500300000000050000505000000000000551001001000000010050000050500000500001510001005100005500050500001500100005000000000550000500050505010550500050501500050500005505001050031050005000000000055000000111005000500555010000000005000005501000050500000000010000500050050300000500050011111011000000551300005000000000050105000050000150030000003005050000001010000010050001000011050000000051500000300001500000101000000100010300050001000000505001101005050000501030050000010000510000500000000500005055000000000550505000000000101000100010150000000000050500005035051000505000111001005000100500555100000000000015000500000000000000000000000105000000500050000000001000500000010051000300000500550105100100500100000550000000510050011100550500000001005000001013505100000000031105150005003001130000
NA12873,86.159,0000000000005005030000005000551100005150533100000000000000005550000010000500103510000000050000500011110510010050150500550300050500050000103000500000000005000000000101000005015010000500005150500500050500050000000050000001000505000150050300051500005100510010000011000055510000500000501100000510155000030100000000000000050555000105000005100500501050500000100000000000050001011001050500505100000000500050005010000001000000055000101553000050000000003000005055050010000000000050000000500000000050150005010500005505055000000000000150000501111111150050050030050051510000000100300000000510500505005000000000501051001000100010050000550500050100001515001050100050100010505001500100005000000000550000500050001010500000000501100050500005505501050015000010050000000501000005111100000500500010000000005005005505000000100000500010000501000050100000500050000030011000000051000005000000000050155000050000150010000003005550000001010005010055001000015050500000055500100300001500000101000000105030000001001005000500001501005550500501010050000000005050000500000000500001005000000500000105000000000105000100015010000000000000500005535051000500000111001000000000500105100000000000015000500000000000000000000000100000000000010000050005000000000050005000100000500550110500150500500000555000000510010011100510100000001005000001055005105000000031100100005501000010000
NA12873,86.799,0000000000005000030000005000551100005150533100050000000050001550000010000150103510000000050050500011110515015050150100510300050000050000103050100000000005000000000101000000015010000000005150500500050500010000000050000001000100000150000305051500001100510010000011000055550000505000501100000510155000030100000000000005000555000101000005100050101010500000100005050000010501011001050100555100000000500050005010000001000000005005101513000000000500003000000050000010005000000050000000500000000050550005010500005505005000000000000150000501511111130050010030000055510500050505300000000510500505005000000000551051001000100010050500155100055100001515001050100055100050505001100100005000005005550000000050501010500000000001500050000005505551050015000015050000000551000005111105500500550015000000505005001555000000500000500010000505050015100000500050000030011000050551000000050000000050155000050000130010000003005550000005010005010050051000015050500000055100100300001500000101000500105030000051001001000500001505005550100501050050000000001010000500000000500001005000000500050105000000000105000100510010000500000050500505530055000505500111001505000000100105100000000500011000500000000000000000000000100000000500015000050001000000000050001000100000500550110100550500100000155500000550010011100110100000001005005001055005105000000031105100005501000010000
NA12873,87.153,0000000000005000030000005000501100001150033100000000000050005550000010000550103510000000050050000015150115015010150500510300050500050000103050100000000005000000000151000005015010000000005150000100050500050000000055000001000105000100050300051500001100510010000015000055510000105000005100005510135000030100000000000005000505000101000005100000501010500000100000050000010001011001000100555100000000500050005010000001000050055000101555005000000500003000000050050010005000050055000000500000000510150005010500505305005000000000000150000501115115110055050030050011510000000500300000000150500505000000000000555051001000100010050500105100050100001515001005100000500010505051100100005000005000550000500050001010500000000001105050500005505501050015000015000000000551000005111105000500100010000000005005001550000000500000500010000501000050100000500530000030011050050551000005000050000050155000050000130010000503005500000001010000010050055000010010500050055500500300001500000101000000105030000011005055000500001105001550500501050010000000005010000500000000100001055000000505550105000000000105000100010010000500000050000005535001000500000111001000000000500105100000000500015000500000000005000000000000100000000000010000000001000500000050001000100000100550115500150500100000555500000550010011150110100000001000005001055000100000000031105100005501000010000
NA12873,87.807,0000000000000000030000000000001100005150533100000000000000005550000050000500103010005000050010000051550515015510150500510300050500050000103000500000000005000000000105000000015010000000005150000500050500050000000050000001000100000100000300051500005100510010005015000005510000500000005100000510135000030100000000000005000550000101000000100000501050500000100000000000050001011001000500500100000000500000000010000001000000005000101113000000000000003000000050050010000000000000000000000000000050100000010500000305055005000000000100000501111115110050050030050015510000000500300000000000000505005000000000551001001000100010050000550100050500001515001000100000500010500055500100000000005000550000500000501010000000000501500050500005500001050015000010000000000555000000111100000500500010000000005005005505000000500000100010000005000010100000500050000030011000000551000005000000000050150000050000130010000003000000000001010000010050005000015050500000055500100300001500000101000000100030000011005001500500001505005500500101050010000000005010000500000000500001005000000500050105000000000105000100010000000500000000000005030055000505000111005005000000500105100000000000011000500000000005000000000000100000000000050000000001000000000050005000100000500050110500150500100000550000000500010011100510500000001000000001055000100000000031500100005001000010000
RAJI,74.784,0000500000001005500000005000000100005310533100000000000000001150005050000100500510000000050010550013110155011010150500510000510500055000101050100000050005000000000151000055011010005005001150500100010500010000000050000001000105000150010305051500001300500055005015000011515000100000101100000110111050030100000005000005050155505105000005100550501010500005100000000000010001511011555100105100000000105150000010000001005000051000101015005005000500003000051050005010505000050050000000500000000550310551015500005105053005000050000155000101111111110055010050050511510000010305300000050010500505005000000000115551001000150010010100555100055500051510001055500000100010550055100100005000005000150000500050501010500000000501100010100001105501010010050035000000000501000055111001000500150010000000001001005151000030100000500010500501050055050500500050033330011050050511150001000000050050105000050000100050005503005500050001050000030050001000011050500510051100100000001100000101005000105000100551001000500500001101001550100501035050000010001510000500000000100101055000000505555505000000000101000300010350000505000050100505501051000501100555001505000000500151100000000050011000500000000050000000000000100000000550010001010001000150000010501105300000100550330500150550100000150500001110030011100110100000001005005001003505300000000031105150001003003030000
RAJI,78.85,0000000000005000000500000000500500005310133100000000000050001150005050000100300510000000050050550013110155511010110100010000010550050000101050100050000001000000000151005055011010000005001150500105010500010000000055000051000105000150010305051500001300500051005015000011515000500000501100005110111000030100500005000005000115001105000005100055501010505000100005550000050001551051515100105100000000105150505010000001005000051000501013005005000000003000051050005010505500050005000000500000050510310551015100005101055005000050000100000101111111110015010050050511510000010500300000000010500105005000000000115051001000150010010500155100055500051515001015500000100010150055100100005000005000510000500050501010550000050501150010500001505551510010050535000000005101000005111051000500100010000000005005001151000030105000500010500501050035000500500050033330511050050511110001000050050010105000050000100030005503005500050005000500030050051005015050500510051500500000001100000101005000105000100011051050500500001101001510500501035050000010001510000100050000500101005000500505550505000000000105000300010350000505000050100505001051000501000055001505000000100151100000000500511000500000000015000000000000500000000550010005050001000100000010551100300000150550335000550500500050550500001510050011100110500000001005001001003505500000000031105150001503003030000
RAJI,83.742,0000500000005000000500005500500500005310133100000000000050001150005010000100300510005000050050550013110155015010150500510000010500050000101050100050000505000050000101055050011010005001005150500505010500010000000050000051000100000100010305051500001300500011005015000011515000100000501100005110151000030100000005000005050515001155000005100500501010500000100005000000010501511055515100105100500000500150500010000001005000055000301013000001000500003000051055005010005000000050000000500000000010310051015500505501053005000000000105000101111111150055010050050511510000010300300000050510500505005000000000555051001000150010010500155100055100051515001055500000100010155055100100005000005000510000500050501050550000000501150010500001105551010010050035000000005551000005111001000500100015000000001001001551000030105000500010000501050055000500500050033330511000050511110001000050050050105000050000100550005503005550050001000505030050051050010050500510051100500000001500000101005500105000100011505050500500001101001550100501035050000010051510000500050500100101055000500500555505000000000101000300015350000005000050100005505055000505500000001100000000100151100000500055011000500000000015000000000000100000000550010005050001005100000015501500300000550510335100150500100050555500001150050011150110100000001005005001003005305000000031105150001503003030000
RAJI,86.072,0000500000005000500000000000550500005310133100000000000050001150005010000100300510000000050010550013110155015010150500510000010500055500101050100050000005000000000151005005011010005005005150500100010500010000000000000051000100000150010305051500501300500011005011000011510000500000501100005510111000030100500000000005000555005101000005100050501010500000100000000000050001011011015100500100000000505150000010000001005000055000501015005001000000003000005050055010505050050050000000500000050010310551015100505505055005000000000150000101111111110055010000000011510500010505300000050010500505005000000000555051001000150010010500150100015100051515001000500000100050550051100100005000005000550000500050501050550000000501100050100001105551010010000035050000000555000005111001000500550010000000001001005101000030105000500010000501050055000500500030033330011050000511150001000050050050105000050000100030000003005500000005000550050050001050010050500510051100500000001500000101005000105000100011501000000500001105001550500501035010000010051010000500000000100101055000000500055505000000000105000300515350000505000050100005005055000501000055001100000000100151100000500550011000500000000015000000000000100000000550010005010001000150000010501100300000150550335100100550500000555000001150050011100110100000001000005001003005300000000031105150001003003030000
RAJI,88.242,0000500000005000500000005000000100005310533100000000000050001150005010000100500510005000050050550013550131511010150100510000010550050000101050100050000005000050000151000055011010000505001150500500010500010000000055000051000105000150010305051500001300500011005015000011515500100000501105000510151000030100000000000000000515001151000005100055501010500000100005050000010501011051015100505100000000505550005010000001005050051000501013005001000000003000051510055010505050050050000000500000000510310551015500005505055005005050000110000101515111110015010050000551510000010500300000000050500105005000000000115051001000550010010500155100015100051515001050500000100010155055100100005000005005550000100050501050550000005501150010500001105551010050000035050000005551000505111051000500100015000000501001001101000030105000505010000501050050050500500050033330011050050511150001050050050010105000050000100550005503005150000001000500030050051050010010500510051100500000001100000101005500105000100011051050000500001105001550100501035050000010001510000100000500100101055000500500055505000000000105000300015350000505000050100005005051000501500005001500000000100111100000000555015000500000000010000000000000100000000550010005010001500150000010501100300000150550335500050500500050555500001500050011100110100000001005005001003005305000000031105150001503003030000
RAJI,89.193,0000000000001000000500005000000100005310133100000000000050001150005010000500300510005000050000050013110155515010150100010000010500050000101000100000000005000000000101000055011010005001001150500100010500010000000050000001000105000100010305051500001300500055000015000015515000100000001100000010151000030100000000000005000055001105000005100050501010500000100000000000010001011051015500505100000000000550000010000001005000051000101013000005000000003000001050005010505050050000000000500000050010310051015500005505053005000000000150000101111111110015010050000511510000010500300000000010500500000000000000515051001000150010010500105100015100001515001055500000500010555005100100005000005000500000500050501010500000000501100010500001105551010010000035050000000505000005111001000500150010000000001001001505000030100000500010500001000055000000500050033330011050050511150001000050000050105000050000100030000003005500000001000000030050001000015050500510051100500000001100000101005500105000100011051000000500001505001550500501035050000010051510000500000500100105055000500500050505000000000105000300015350000505000050100005005001000505000000001500000000100151100000000000011000500000000055000000000000500000000510010005050001000100000010501105300000150510330500550500500000055000001550050011100510500000001005005001003005305000000031100150001003003030000
