3K,94.467,110000000100001035300030105010001001305100015000110100300003
3O,94.633,110000055100001035300030105010001001305100010000110100300003
CT,93.273,300003001000000015150110000000003001100330030005030151105000
CT,94.553,300003000000000010100110000000003001100330030000030100100000
CT,94.674,300003000000000010100110000000003001100330030000030100100000
CT,95.477,300003000000000010150110000000003001100330030000030100100000
CT,96.731,300003000000000010100110000000003001100330030000030100100000
CT,97.773,300003000000000015100110005000003001100330030000030105100000
CT,98.129,300003505000000055150110001000003001105330030000030101100000
D1,94.392,110000000100001030300030100010001001300100010000110100300000
D8,93.62,110000000500001035300030100010001001300100010000110100300003
DT,92.607,110000000100001035300030105010001001300100010000110100300003
G2,56.845,130003050100501005050131001131551053101531055000530000000031
G2,73.921,130003000100001005000535005131111051300311030000030000000031
G2,76.786,130003000100001005000031000131111001300311030000030000000031
G2,90.719,130003000100001005000031000131111001300311030000030000000031
G2,96.114,130003000100001000000031000131111001300311030000030000000031
G2,97.624,130003000100001000000031000131111001300311030000030000000031
G2,98.542,130003000100001005000031005131111001300311030000030000000031
H1,59.141,110050000100001035300131105050001051305100511000110150350005
H1,76.53,110000000100001035300030100010001051305100010000110500300003
H1,80.818,110000005100501035300030100010001001300100010000110100300003
H1,91.409,110000005100001035300030100010001001300100010000110100300003
H1,92.927,110000055100501031350030105050001001305500010000110105300003
H1,95.001,110000050100001035350030100010001001305100010000110100300003
H1,97.059,110000000100001035300030100010001001300100010000110100300003
H1,97.295,110000000100001035300030100010001001300100010000110100300003
K2,55.602,000500000100501051350335005001315551005100010100000300505000
K2,56.886,000500000500001011350331005005335001505100010100000550105000
K2,61.94,000000005000501015350331005005330501000100015100000300305000
K2,68.371,000000000000001015350331005003330001005100010100000300505000
K2,91.421,000000000000000015300331000003330001000000010500000300300000
K2,91.912,000000000000000010300331000003330001000000010100000300300000
LA,91.453,330001005100001005100100000110011500000003015000000000100033
LA,96.346,330001000100001005100100000110011000000003010000000000100033
N3,5.472,155515151515551315531155115515115555155515305551515555515555
N3,7.87,115111111111551511151555151155115511511155555515511111551115
SD,93.088,110000055100001031350030105010001001305500010000110100300003
