Probe_ID,Probe_Source,v12_gts20_GM12878
rs877309,VA_60,1
rs11249206,VA_60,1
cg00148881,VA_60,1
cg11837766,VA_60,1
cg17940268,VA_60,1
rs2804694,VA_60,1
cg19082003,VA_60,1
cg11825621,VA_60,1
cg05116382,VA_60,1
rs1945975,VA_60,1
cg24219704,VA_60,1
cg19463665,VA_60,1
cg08663092,VA_60,1
cg13554708,VA_60,1
rs2959823,VA_60,1
cg09472203,VA_60,1
rs1510189,VA_60,1
cg03094519,VA_60,0.5
rs1941955,VA_60,1
cg02305149,VA_60,1
cg26171523,VA_60,1
rs966367,VA_60,1
rs4331560,VA_60,1
rs1510480,VA_60,1
cg15827486,VA_60,1
rs264581,VA_60,1
cg19156104,VA_60,0.5
rs2235751,VA_60,1
rs2032088,VA_60,1
rs1467387,VA_60,1
rs133860,VA_60,1
rs739259,VA_60,1
rs2857639,VA_60,1
cg08379726,VA_60,1
cg09449532,VA_60,1
rs2125573,VA_60,1
rs7660805,VA_60,1
cg09593291,VA_60,1
cg03005143,VA_60,1
rs348937,VA_60,1
rs1019916,VA_60,1
rs9363764,VA_60,1
cg15810756,VA_60,1
rs10457834,VA_60,1
cg00622837,VA_60,1
cg14996783,VA_60,1
cg04024839,VA_60,1
cg18813035,VA_60,1
rs6982811,VA_60,1
rs1484127,VA_60,1
cg19929029,VA_60,1
rs472920,VA_60,1
cg08273169,VA_60,1
cg19306421,VA_60,1
rs4742386,VA_60,1
cg13392293,VA_60,1
cg14297063,VA_60,1
cg03722526,VA_60,1
rs798149,VA_60,1
rs1416770,VA_60,1
